CustomerID,Name,Email,Phone,Region
1,Anil Nair,anil.nair1@example.com,9447712782,North
2,Ravi Gupta,ravi.gupta2@example.com,9523938499,South
3,Priya Das,priya.das3@example.com,9177777868,South
4,Sneha Iyer,sneha.iyer4@example.com,9492655486,South
5,Kiran Rao,kiran.rao5@example.com,9644854973, south 
6,Meena Kumar,meena.kumar6@example.com,9140260662,South
7,Arjun Sharma,arjun.sharma7@example.com,9565623510,West
8,Divya Patel,divya.patel8@example.com,9175006691,North
9,Rahul Singh,rahul.singh9@example.com,9197402358,West
10,Pooja Reddy,pooja.reddy10@example.com,9163469421,South
11,Vikram Nair,vikram.nair11@example.com,9339701014,South
12,Anita Gupta,,9719659571,South
13,Suresh Das,suresh.das13@example.com,9153246119,North
14,Lakshmi Iyer,lakshmi.iyer14@example.com,9150017772,North
15,Manoj Rao,manoj.rao15@example.com,9410965605,West
16,Neha Kumar,neha.kumar16@example.com,9254892713,South
17,Rohit Sharma,rohit.sharma17@example.com,9713013910,East
18,Swathi Patel,swathi.patel18@example.com,9701571670,North
19,Harsha Singh,harsha.singh19@example.com,9210655224,North
20,Isha Reddy,isha.reddy20@example.com,9499858816,South
21,Karthik Nair,karthik.nair21@example.com,9688136138,South
22,Deepa Gupta,deepa.gupta22@example.com,9705985840,South
23,Naveen Das,naveen.das23@example.com,9764656492,North
24,Bhavna Iyer,bhavna.iyer24@example.com,9633021001,West
25,Sanjay Rao,sanjay.rao25@example.com,9934543046,East
26,Anil Kumar,anil.kumar26@example.com,9599936196,West
27,Ravi Sharma,ravi.sharma27@example.com,9488246102,East
28,Priya Patel,priya.patel28@example.com,9366746013,North
29,Sneha Singh,sneha.singh29@example.com,9850539557,North
30,Kiran Reddy,priya.das3@example.com,9187891151,South
31,Meena Nair,meena.nair31@example.com,9663925448,West
32,Arjun Gupta,arjun.gupta32@example.com,9468804211,West
33,Divya Das,divya.das33@example.com,9409170818,South
34,Rahul Iyer,rahul.iyer34@example.com,9226772164,West
35,Pooja Rao,pooja.rao35@example.com,9277126709,East
36,Vikram Kumar,vikram.kumar36@example.com,9263192149,West
37,Anita Sharma,anita.sharma37@example.com,9552795162,South
38,Suresh Patel,suresh.patel38@example.com,9817491316,South
39,Lakshmi Singh,lakshmi.singh39@example.com,9920951719,East
40,Manoj Reddy,manoj.reddy40@example.com,9465203600,East
41,Neha Nair,neha.nair41@example.com,9738199795,West
42,Rohit Gupta,rohit.gupta42@example.com,9722657734,West
43,Swathi Das,swathi.das43@example.com,9173833652,South
44,Harsha Iyer,harsha.iyer44@example.com,9389845088,West
45,Isha Rao,isha.rao45@example.com,9848443217,South
46,Karthik Kumar,karthik.kumar46@example.com,9165143298,East
47,Deepa Sharma,deepa.sharma47@example.com,9794849312,West
48,Naveen Patel,naveen.patel48@example.com,9405582123,West
49,Bhavna Singh,bhavna.singh49@example.com,9817960391,East
50,Sanjay Reddy,sanjay.reddy50@example.com,9124226753,West
